Designator,Mid X,Mid Y,Rotation,Layer
BT1,83.55,-98.47,180.0,bottom
D1,104.46546888953654,-89.28211280758931,25.0,top
D2,93.9371222828551,-80.34017498740785,214.0,top
Q1,87.59,-71.12,0.0,top
R1,108.7,-99.16,0.0,top
R2,101.01,-73.55,90.0,top
R3,75.81000009094338,-74.10999991823414,89.0,top
R4,107.03,-77.9,90.0,top
